barcode,product_name,brands,sugars_100g,fat_100g,fiber_100g,salt_100g,proteins_100g,energy_kcal_100g,quantity_grams,has_ingredients,nutrition_grades,sugar_pct_dv,sugar_tier,high_sugar_flag,shelf_location,units_sold_last_month,sugar_pct_dv_scaled
5010029000016,Weetabix,Weetabix,4.2,2,10,0.28,12,400,430.0,True,a,8.4,moderate,0,Aisle 1A,458,0.16153846153846155
3168930010265,cruesly mélange de noix,Quaker,12,19,10,0,8.5,462,450.0,True,b,24.0,high,1,Endcap-South,800,0.46153846153846156
5010029000801,Weetabix,Weetabix,4,2,9.5,0.24375,11.25,136,860.0,True,a,8.0,moderate,0,Endcap-South,313,0.15384615384615385
20003166,Copos de Avena Suaves,Crownfield,0.7,7,10,0.03,13.5,372.5,500.0,True,a,1.4,low,0, Aisle 3C,369,0.02692307692307692
3229820019307,Flocons d'avoine,Bjorg,1.7,7.1,11,0.02,11,363.333333333333,500.0,True,a,3.4000000000000004,low,0,Aisle 2B,493,0.06538461538461539
3229820160672,Croustillant Chocolat,Bjorg,14,14,10,0.26,9.27,431.666666666667,500.0,True,c,28.000000000000004,high,1,Aisle 1A,0,0.5384615384615385
5010029000023,Weetabix,Weetabix,4.27,2.13,10.1,0.26,12,362.666666666667,430.0,True,a,8.54,moderate,0,Aisle 4B,null,0.1642307692307692
4088600247519,Wheat Bisks,Harvest Morn,4.4,2,10,0.28,12,358,684.0,True,a,8.8,moderate,0,Aisle 1A,1139,0.16923076923076924
3229820129488,"Muesli Raisin, Figue, Abricot",Bjorg,14,5.8,10,0.03,11,352,375.0,True,a,28.000000000000004,high,1,Aisle 4B,1094,0.5384615384615385
5010477348678,Special Muesli 30% fruits & noix,Jordans,17,7.2,8.8,0.03,10,360,750.0,True,a,34.0,high,1, Aisle 3C,590,0.6538461538461539
5000108022152,BRITISH PORRIDGE OATS,QUAKER,1,8,9,0,11,375,1.0,True,a,2.0,low,0,Aisle 2B,751,0.038461538461538464
3229820782560,"Muesli Superfruits Raisins, cassis, cranberry, myrtille",Bjorg,13,6,10,0.04,12,358.571428571429,375.0,True,a,26.0,high,1,Aisle 1A, 251 ,0.5
3159470000120,CORN FLAKES,Kellogg's,8,0.9,3,1.1,7,376.666666666667,500.0,True,d,16.0,moderate,0,Aisle 1A,818,0.3076923076923077
3168930009078,Flocons d'avoine complète,Quaker,1.1,8,9,0.01,11,375,550.0,True,a,2.2,low,0,Aisle 4B,192,0.04230769230769231
5010477348357,Country Crisp 4 noix,Jordans,18,20,6.1,0.03,11,465,550.0,True,c,36.0,high,1,Endcap-South,599,0.6923076923076923
4008713756661,Copos de avena,"Brüggen, H. & J. Brüggen KG",0.7,7,10,0.02,14,375,500.0,True,a,1.4,low,0,Endcap-South,1090,0.02692307692307692
5018357012497,simply nutty muesli,dorset cereals,14.2,6.8,8.6,0.03,9.9,376,560.0,True,a,28.4,high,1,Aisle 1A,189,0.5461538461538461
8402001010873,Muesli Crunchy,Hacendado,3.2,12,23,0.08,8.8,401,200.0,True,a,6.4,moderate,0,Aisle 2B,770,0.12307692307692308
7613287194374,Bitesize Shredded Wheat,Nestlé,0.7,2.2,12.5,0.05,11.8,362.5,720.0,True,a,1.4,low,0,Aisle 4B,969,0.02692307692307692
5000119117359,Wheat Biscuits,Tesco,4.47368421052632,2.10526315789474,10,0.256578947368421,12.1052631578947,357.894736842105,,True,a,8.94736842105264,moderate,0,Endcap-South,621,0.1720647773279354
5070000126579,Granola Super Nutty,Bio&Me,9.6,14.4,14.4,0.03,10.9,402,360.0,True,a,19.2,moderate,0,Endcap-South,,0.3692307692307692
3229820769165,Muesli avoine chocolat bio,Bjorg,8.2,8.8,10,0.1,12,386,375.0,True,a,16.4,moderate,0, Aisle 3C,1110,0.3153846153846154
5000436857112,Malt Wheats Toasty Crunch,Tesco,10,1.25,11,0.26875,11,370,750.0,True,a,20.0,moderate,1,Aisle 2B,219,0.38461538461538464
5010029226188,Muesli Recipe,Alpen,18,5.5,8,0.28,11,368.888888888889,550.0,True,b,36.0,high,1, Aisle 3C,680,0.6923076923076923
5010029229035,Weetabix Crispy Minis Chocolate Chip,Weetabix,17,5,10,0.0005,10,385,500.0,True,b,34.0,high,1,,,0.6538461538461539
7613036669146,NESTLE CHOCAPIC BIO Céréales - Boite de 375g,"Nestlé, Chocapic",19.9,5.6,8.2,0.2,9.1,390,375.0,True,b,39.8,high,1,Endcap-South,796,0.7653846153846153
7613034626844,Céréales Chocapic,"Nestlé, Chocapic",22.4,4.8,7.5,0.22,8.8,388,430.0,True,c,44.8,high,1,Aisle 2B,271,0.8615384615384615
5060043224561,Low Sugar Nuts & Seeds Granola imp,Lizi’s,2.9,16,10,0.03,13.9,447,,True,a,5.8,moderate,0,Endcap-South,494,0.11153846153846153
5010477348395,Country Crisp - Chocolat noir 70% cacao,Jordans,22,15,5.8,0.03,9,446,550.0,True,d,44.0,high,1,Aisle 1A,,0.8461538461538461
4088600056135,Organic Jumbo Porridge Oats,Kavanagh's,0.25,6,9.75,5e-05,11.25,360,1.0,True,a,0.5,low,0,Endcap-South, 99 ,0.009615384615384616
5010029000504,weetabix,Weetabix,4.10256,2,9.74359,0.25,12,332.5,225.0,True,a,8.20512,moderate,0,Aisle 2B,310,0.15779076923076923
5010029229110,Crispy Minis Choco,Weetabix,17,5,10,0.16,10,386,500.0,True,b,34.0,high,1,Aisle 1A,648,0.6538461538461539
7613031473113,Shredded wheat,Nestlé,0.7,2.2,12.2,0.05,12.2,357.777777777778,675.0,True,a,1.4,low,0,Endcap-South,null,0.02692307692307692
3168930010906,Cruesli Chocolat noir,Quaker,16,19,10,0.48,8.1,455,450.0,True,c,32.0,high,1,,,0.6153846153846154
5010477348517,Country Crisp 4 Baies,Jordans,20,13,6,0.03,9.1,432,550.0,True,c,40.0,high,1,Aisle 4B,266,0.7692307692307693
5099801003339,Organic Jumbo Oats,Flahavan's,1,5.75,8.25,0.0125,11.25,370,1.0,True,a,2.0,low,0, Aisle 3C,335,0.038461538461538464
20471613,wholegrain wheat bixies,Crownfield,3,2.3,9.5,0.000575,12.7,362,720.0,True,a,6.0,moderate,0,Aisle 1A,626,0.11538461538461539
5000108280941,Original,Quaker Oats So Simple,1.11111111111111,7.77777777777778,8.88888888888889,0,11.1111111111111,370,,True,a,2.22222222222222,low,0,Aisle 4B,703,0.042735042735042694
3387390123210,NESTLE CHOCAPIC Céréales 375g,"Nestlé, Chocapic",19.9,4.4,7.7,0.2,8.5,384,375.0,True,b,39.8,high,1,,,0.7653846153846153
40897677,Hafer Flocken Zart,Crownfield,0.8,6.7,9.7,0,13.2,372.5,500.0,True,a,1.6,low,0,,,0.03076923076923077
20159917,CORN FLAKES,Crownfield,5.5,0.8,3.3,1.95,7.3,379,500.0,True,d,11.0,moderate,0,Aisle 4B,1034,0.21153846153846154
5000127142190,All-Bran Original,Kellogg's,18,3.5,27,0.95,14,333.5,750.0,True,c,36.0,high,1,Aisle 2B,595,0.6923076923076923
8480000156112,Avena crunchy,Hacendado,4.6,5.8,11,0.2,13,387,400.0,True,a,9.2,moderate,0,Endcap-South,142,0.1769230769230769
5057753158422,Bran Flakes Malty Crunch,Tesco,10.2,2.5,15.7,0.59,10.6,352,750.0,True,a,20.4,high,1,Endcap-South,867,0.3923076923076923
5018357012411,Simply Delicious Muesli,Dorset Cereals,14.7,7.3,9,0.03,9.6,368,650.0,True,b,29.4,high,1, Aisle 3C,1075,0.5653846153846154
5018357012534,Simply Fruity muesli,Dorset cereals,20,2.88888888888889,7.33333333333333,0.0444444444444444,8.66666666666667,348.888888888889,630.0,True,b,40.0,high,1,Aisle 2B,987,0.7692307692307693
5000127062092,Bran Flakes,Kellogg's,14,2.2,17,0.66,11,366.666666666667,750.0,True,b,28.000000000000004,high,1,Aisle 2B,659,0.5384615384615385
7613287514325,Fitness Nature Céréales complètes,Nestlé,8.3,1.5,8.5,0.56,9.8,368,475.0,True,a,16.6,moderate,0,Endcap-South,652,0.31923076923076926
3168930009795,Muesli Croustillant Noix de pécan & noix du Brésil,Quaker,13,11,13,0.24,11,420,500.0,True,b,26.0,high,1, Aisle 3C,1130,0.5
5010477347312,Simply Granola with a hint of honey,Jordans,17,11,6.3,0.03,11,417.777777777778,750.0,True,c,34.0,high,1,Aisle 1A,853,0.6538461538461539
4088600247458,malted wheaties,Harvest Morn,10.9,1.8,13.3,0.27,11.7,370,625.0,True,a,21.8,high,1,,,0.41923076923076924
20621469,Special Flakes Classic,Crownfield,8.8,1.8,8.1,0.5125,8.9,386,500.0,True,a,17.6,moderate,0,Endcap-South,59,0.3384615384615385
5059319029702,Rice Krispies,Kellogg's,8,1.33333333333333,3,0.9825,7,338.591459528361,430.0,True,c,16.0,moderate,0, Aisle 3C,108,0.3076923076923077
5070000126548,"GRANOLA LOW SUGAR, NATURALLY",Bio&Me,7.9,17.9,17,0.06,13.2,412,360.0,True,a,15.8,moderate,0, Aisle 3C,927,0.3038461538461539
3560070614202,COPOS DE AVENA FIOCCHI D'AVENA Integral - Integrale,Carrefour Original,0.7,7,10,0,14,372,500.0,True,a,1.4,low,0,Aisle 2B,149,0.02692307692307692
7613287152183,Shreddies,Nestlé,13,1.8,12,0.72,11,364,630.0,True,b,26.0,high,1, Aisle 3C,719,0.5
3387390326574,Céréales Cookie Crisp,Nestlé,22.4,5.2,6,0.66,6.7,393,375.0,True,c,44.8,high,1,Endcap-South,237,0.8615384615384615
20621483,Bran Flakes,"Crownfield, Lidl",13.2,2,17.2,0.63,11.1,362,500.0,True,b,26.400000000000002,high,1,,,0.5076923076923078
8402001015205,Avena Crunchy Cacao,Hacendado,9,6.4,11,0.18,13,393,400.0,True,a,18.0,moderate,0,Endcap-South,165,0.34615384615384615
3168930003632,Quaker Oats,Quaker,1.1,8,9,0.01,11,375,800.0,True,a,2.2,low,0,Aisle 2B,1129,0.04230769230769231
5059319014814,Corn Flakes,Kellogg's,8,0.9,3,1.1,7,378,500.0,True,d,16.0,moderate,0, Aisle 3C,0,0.3076923076923077
7613287195210,Cheerios Multigrain,"Cheerios, Nestlé",10,4.6667,2.7,0.83333,9.3333,383.3333,540.0,True,c,20.0,moderate,1,Aisle 4B,951,0.38461538461538464
5059319030517,kelloggs corn flakes,Kellogg's,8,0.9,3,1.1,7,378,,True,d,16.0,moderate,0,Aisle 2B,667,0.3076923076923077
8480000095367,"Muesli con quinoa, chía y chocolate negro",Hacendado,18,13,10,0.11,9.8,416,400.0,True,c,36.0,high,1,Aisle 4B,0,0.6923076923076923
00130509,Wheat Biscuits,Sainsbury's,4.4,2,10,0.28,12,133,,True,a,8.8,moderate,0,Endcap-South,671,0.16923076923076924
5060482841565,Nutty Granola,deliciously ella,16,18,8.2,0.22,12,462.222222222222,380.0,True,c,32.0,high,1,Aisle 2B,,0.6153846153846154
5010029226133,Alpen Original Muesli,"Weetabix, Alpen",21,5.6,7.7,0.25,11,374,550.0,True,c,42.0,high,1,Endcap-South,1039,0.8076923076923077
5010477353115,Crunchy Oat Granola Raisin & Almond,Jordans,21,12,6.2,0.03,11,417.777777777778,750.0,True,c,42.0,high,1,Endcap-South,0,0.8076923076923077
5059319023762,Miel Pops,KELLOG'S,22,1.5,4.6,0.4,5.2,384,330.0,True,c,44.0,high,1,Aisle 1A,793,0.8461538461538461
5010029202410,Weetabix,Weetabix,4.2,2,10,0.28,12,272,,True,a,8.4,moderate,0,Aisle 4B,186,0.16153846153846155
5010477348630,"Muesli bio 36% fruits, noix & graines",Jordans,18.9,8.4,8.5,0.03,9.3,373,500.0,True,c,37.8,high,1,Endcap-South,72,0.7269230769230769
5000436616443,Corn Flakes,Tesco,5.5,1.2,3.5,0.59,7.7,384,500.0,True,c,11.0,moderate,0, Aisle 3C,229,0.21153846153846154
3159470001424,Céréales All Bran Kellogg's Fibre Plus,Kellogg's,18,3.5,27,0.95,14,334,500.0,True,c,36.0,high,1,Endcap-South,562,0.6923076923076923
3229820798110,Granola Chocolat,Bjorg,12,13,7.5,0.01,10,420,350.0,True,c,24.0,high,1, Aisle 3C,181,0.46153846153846156
7613287157201,Multigrain Cheerios,Nestlé,17.66667,4.8,9.66667,0.78333,9.9,380,390.0,True,c,35.33334,high,1, Aisle 3C, 274 ,0.6794873076923077
0884912005502,Grape-Nuts,Post,8.9,1.8,12,1,11.2,362,580.0,True,b,17.8,moderate,0,,,0.3423076923076923
3229820786605,Crousti' Avoine Chocolat,Bjorg,14,13,9.5,0.1,10,416,500.0,True,c,28.000000000000004,high,1,Aisle 1A,1148,0.5384615384615385
20060831,Premium Fruit & Nut Muesli,Lidl,24.6,11.6,6.4,0.04,8.8,394,750.0,True,c,49.2,high,1,,,0.9461538461538462
5018357804764,Nutty Granola,Dorset Cereals,13.1111111111111,15.5555555555556,6.22222222222222,5.55555555555556e-05,10.2222222222222,442.222222222222,450.0,True,b,26.222222222222204,high,1,Aisle 2B,1181,0.5042735042735039
8480000229663,Corn Flakes 0% azúcares añadidos,Hacendado,0.9,1.1,4.4,1,6.7,383.333333333333,30.0,True,c,1.8000000000000003,low,0,Endcap-South,73,0.03461538461538462
5059319029016,Special K The Original,Special K,15,1.3,6,0.825,8,393.333333333333,440.0,True,c,30.0,high,1,Aisle 4B,1111,0.5769230769230769
5010477356239,Muesli bio chocolat noir,Jordans BIO,9,11,8.9,0.03,9.1,397.777777777778,450.0,True,b,18.0,moderate,0,Aisle 4B,791,0.34615384615384615
20283360,Fiocchi di avena integrali,Crownfield,0.75,7,10,0.02,13.5,298,500.0,True,a,1.5,low,0, Aisle 3C,621,0.028846153846153848
8480000095718,Copos de trigo espelta integral 0%,Hacendado,1.9,2.7,8.8,0.78,14.6,364,400.0,True,a,3.8,low,0, Aisle 3C,845,0.07307692307692307
7613287366665,Nesquik Cereal,Nesquik,22.4,3,8.5,0.45,8.4,373,150.0,True,unknown,44.8,high,1,Aisle 2B,182,0.8615384615384615
5010029219326,No Added Sugar Muesli imp,"Weetabix, Alpen",16,5.8,8.3,0.275,12,369,560.0,True,a,32.0,high,1, Aisle 3C,1142,0.6153846153846154
4056489195917,Jemné ovesné vločky,Crownfield,0.7,5.7,8.5,0,12,372,500.0,True,a,1.4,low,0,Aisle 2B,487,0.02692307692307692
5053827110983,Céréales Miel Pops,Kellogg's,22,1.5,4.6,0.4,5.2,384,620.0,True,c,44.0,high,1,Aisle 4B,1155,0.8461538461538461
5000119117342,Wheat Biscuits,Tesco,4.4,2,10,0.3,12,357.894736842105,,True,a,8.8,moderate,0,Aisle 2B,1127,0.16923076923076924
5053827199568,Tresor - Choco Nut,Kellogg's,26,16,3.6,0.94,7.1,458.094327597195,410.0,True,e,52.0,high,1,,,1.0
5900617002983,Granola chocolate / pieces of chocolate,"Nutrition sante, Sante",22,16,6.7,0.61,8.6,456,350.0,True,d,44.0,high,1,Aisle 2B,299,0.8461538461538461
4056489159506,LOW SUGAR Granola ORIGINAL,Crownfield,3.11111111111111,23.7777777777778,7.55555555555556,0.02,13.7777777777778,522.222222222222,500.0,True,a,6.22222222222222,moderate,0,,,0.11965811965811961
3159470005071,Céréales Extra Pépites Chocolat Noisettes,Kellogg's,21,25,5.8,0.68,8,497,500.0,True,e,42.0,high,1, Aisle 3C,279,0.8076923076923077
3229820796857,Flocons d'avoine,Bjorg,0,8,11,0.0833333333333333,10.8333333333333,363.333333333333,900.0,True,a,0.0,low,0,Aisle 2B,659,0.0
7613287170989,shredded wheat,Nestlé,0.7,2.2,12.5,0.05,11.8,367,370.0,True,a,1.4,low,0, Aisle 3C,1111,0.02692307692307692
5010477354051,Muesli Bio Superfruits,Jordans,10.2,5.5,9.4,0.03,11.2,360,450.0,True,a,20.4,high,1,Aisle 2B,258,0.3923076923076923
8410188012092,Kelloggs corn flakes the original,Kellogg's,8,0.9,3,1.1,7,383.205863607393,500.0,True,d,16.0,moderate,0,Aisle 1A,973,0.3076923076923077
3229820797861,Croustillant 3 noix,Bjorg,14,17,9.9,0.02,11,486.666666666667,450.0,True,b,28.000000000000004,high,1,Aisle 4B,1018,0.5384615384615385
8480000094742,Granola baja en azúcares,Hacendado,4.7,22.7,8.5,0.02,13.6,477,400.0,True,a,9.4,moderate,0,Aisle 4B,745,0.18076923076923077
